Ամիս,Մնացորդ Մայր Գումարից (վերջից առաջ),Տոկոսը (0.5%),Մայր Գումարի Մարում,Ընդ. Վճար,Մնացորդ Վարկ
1,20000000.0,141666.67,55281.24,196947.91,19944718.76
2,19944718.76,141275.09,55672.82,196947.91,19889045.93
3,19889045.93,140880.74,56067.17,196947.91,19832978.77
4,19832978.77,140483.6,56464.31,196947.91,19776514.45
5,19776514.45,140083.64,56864.27,196947.91,19719650.19
6,19719650.19,139680.86,57267.06,196947.91,19662383.13
7,19662383.13,139275.21,57672.7,196947.91,19604710.43
8,19604710.43,138866.7,58081.21,196947.91,19546629.22
9,19546629.22,138455.29,58492.62,196947.91,19488136.6
10,19488136.6,138040.97,58906.94,196947.91,19429229.65
11,19429229.65,137623.71,59324.2,196947.91,19369905.45
12,19369905.45,137203.5,59744.41,196947.91,19310161.04
13,19310161.04,136780.31,60167.6,196947.91,19249993.43
14,19249993.43,136354.12,60593.79,196947.91,19189399.64
15,19189399.64,135924.91,61023.0,196947.91,19128376.64
16,19128376.64,135492.67,61455.24,196947.91,19066921.4
17,19066921.4,135057.36,61890.55,196947.91,19005030.85
18,19005030.85,134618.97,62328.94,196947.91,18942701.91
19,18942701.91,134177.47,62770.44,196947.91,18879931.47
20,18879931.47,133732.85,63215.06,196947.91,18816716.4
21,18816716.4,133285.07,63662.84,196947.91,18753053.57
22,18753053.57,132834.13,64113.78,196947.91,18688939.78
23,18688939.78,132379.99,64567.92,196947.91,18624371.86
24,18624371.86,131922.63,65025.28,196947.91,18559346.58
25,18559346.58,131462.04,65485.87,196947.91,18493860.71
26,18493860.71,130998.18,65949.73,196947.91,18427910.98
27,18427910.98,130531.04,66416.88,196947.91,18361494.1
28,18361494.1,130060.58,66887.33,196947.91,18294606.78
29,18294606.78,129586.8,67361.11,196947.91,18227245.66
30,18227245.66,129109.66,67838.25,196947.91,18159407.41
31,18159407.41,128629.14,68318.78,196947.91,18091088.63
32,18091088.63,128145.21,68802.7,196947.91,18022285.93
33,18022285.93,127657.86,69290.05,196947.91,17952995.88
34,17952995.88,127167.05,69780.86,196947.91,17883215.02
35,17883215.02,126672.77,70275.14,196947.91,17812939.88
36,17812939.88,126174.99,70772.92,196947.91,17742166.96
37,17742166.96,125673.68,71274.23,196947.91,17670892.73
38,17670892.73,125168.82,71779.09,196947.91,17599113.64
39,17599113.64,124660.39,72287.52,196947.91,17526826.12
40,17526826.12,124148.35,72799.56,196947.91,17454026.56
41,17454026.56,123632.69,73315.22,196947.91,17380711.34
42,17380711.34,123113.37,73834.54,196947.91,17306876.8
43,17306876.8,122590.38,74357.53,196947.91,17232519.26
44,17232519.26,122063.68,74884.23,196947.91,17157635.03
45,17157635.03,121533.25,75414.66,196947.91,17082220.37
46,17082220.37,120999.06,75948.85,196947.91,17006271.52
47,17006271.52,120461.09,76486.82,196947.91,16929784.69
48,16929784.69,119919.31,77028.6,196947.91,16852756.09
49,16852756.09,119373.69,77574.22,196947.91,16775181.87
50,16775181.87,118824.2,78123.71,196947.91,16697058.16
51,16697058.16,118270.83,78677.08,196947.91,16618381.08
52,16618381.08,117713.53,79234.38,196947.91,16539146.7
53,16539146.7,117152.29,79795.62,196947.91,16459351.08
54,16459351.08,116587.07,80360.84,196947.91,16378990.24
55,16378990.24,116017.85,80930.06,196947.91,16298060.17
56,16298060.17,115444.59,81503.32,196947.91,16216556.85
57,16216556.85,114867.28,82080.63,196947.91,16134476.22
58,16134476.22,114285.87,82662.04,196947.91,16051814.18
59,16051814.18,113700.35,83247.56,196947.91,15968566.62
60,15968566.62,113110.68,83837.23,196947.91,15884729.39
61,15884729.39,112516.83,84431.08,196947.91,15800298.31
62,15800298.31,111918.78,85029.13,196947.91,15715269.18
63,15715269.18,111316.49,85631.42,196947.91,15629637.76
64,15629637.76,110709.93,86237.98,196947.91,15543399.78
65,15543399.78,110099.08,86848.83,196947.91,15456550.95
66,15456550.95,109483.9,87464.01,196947.91,15369086.94
67,15369086.94,108864.37,88083.55,196947.91,15281003.39
68,15281003.39,108240.44,88707.47,196947.91,15192295.92
69,15192295.92,107612.1,89335.82,196947.91,15102960.11
70,15102960.11,106979.3,89968.61,196947.91,15012991.5
71,15012991.5,106342.02,90605.89,196947.91,14922385.61
72,14922385.61,105700.23,91247.68,196947.91,14831137.93
73,14831137.93,105053.89,91894.02,196947.91,14739243.91
74,14739243.91,104402.98,92544.93,196947.91,14646698.98
75,14646698.98,103747.45,93200.46,196947.91,14553498.52
76,14553498.52,103087.28,93860.63,196947.91,14459637.89
77,14459637.89,102422.44,94525.48,196947.91,14365112.41
78,14365112.41,101752.88,95195.03,196947.91,14269917.38
79,14269917.38,101078.58,95869.33,196947.91,14174048.05
80,14174048.05,100399.51,96548.4,196947.91,14077499.64
81,14077499.64,99715.62,97232.29,196947.91,13980267.35
82,13980267.35,99026.89,97921.02,196947.91,13882346.34
83,13882346.34,98333.29,98614.63,196947.91,13783731.71
84,13783731.71,97634.77,99313.15,196947.91,13684418.57
85,13684418.57,96931.3,100016.61,196947.91,13584401.95
86,13584401.95,96222.85,100725.06,196947.91,13483676.89
87,13483676.89,95509.38,101438.53,196947.91,13382238.35
88,13382238.35,94790.86,102157.06,196947.91,13280081.3
89,13280081.3,94067.24,102880.67,196947.91,13177200.63
90,13177200.63,93338.5,103609.41,196947.91,13073591.22
91,13073591.22,92604.6,104343.31,196947.91,12969247.91
92,12969247.91,91865.51,105082.41,196947.91,12864165.51
93,12864165.51,91121.17,105826.74,196947.91,12758338.77
94,12758338.77,90371.57,106576.35,196947.91,12651762.42
95,12651762.42,89616.65,107331.26,196947.91,12544431.16
96,12544431.16,88856.39,108091.52,196947.91,12436339.64
97,12436339.64,88090.74,108857.17,196947.91,12327482.47
98,12327482.47,87319.67,109628.24,196947.91,12217854.22
99,12217854.22,86543.13,110404.78,196947.91,12107449.44
100,12107449.44,85761.1,111186.81,196947.91,11996262.63
101,11996262.63,84973.53,111974.38,196947.91,11884288.25
102,11884288.25,84180.38,112767.54,196947.91,11771520.71
103,11771520.71,83381.61,113566.31,196947.91,11657954.41
104,11657954.41,82577.18,114370.73,196947.91,11543583.67
105,11543583.67,81767.05,115180.86,196947.91,11428402.81
106,11428402.81,80951.19,115996.73,196947.91,11312406.09
107,11312406.09,80129.54,116818.37,196947.91,11195587.72
108,11195587.72,79302.08,117645.83,196947.91,11077941.89
109,11077941.89,78468.76,118479.16,196947.91,10959462.73
110,10959462.73,77629.53,119318.38,196947.91,10840144.34
111,10840144.34,76784.36,120163.56,196947.91,10719980.79
112,10719980.79,75933.2,121014.71,196947.91,10598966.07
113,10598966.07,75076.01,121871.9,196947.91,10477094.17
114,10477094.17,74212.75,122735.16,196947.91,10354359.01
115,10354359.01,73343.38,123604.54,196947.91,10230754.48
116,10230754.48,72467.84,124480.07,196947.91,10106274.41
117,10106274.41,71586.11,125361.8,196947.91,9980912.61
118,9980912.61,70698.13,126249.78,196947.91,9854662.83
119,9854662.83,69803.86,127144.05,196947.91,9727518.78
120,9727518.78,68903.26,128044.65,196947.91,9599474.12
121,9599474.12,67996.28,128951.64,196947.91,9470522.49
122,9470522.49,67082.87,129865.04,196947.91,9340657.44
123,9340657.44,66162.99,130784.92,196947.91,9209872.52
124,9209872.52,65236.6,131711.31,196947.91,9078161.21
125,9078161.21,64303.64,132644.27,196947.91,8945516.94
126,8945516.94,63364.08,133583.83,196947.91,8811933.1
127,8811933.1,62417.86,134530.05,196947.91,8677403.05
128,8677403.05,61464.94,135482.97,196947.91,8541920.08
129,8541920.08,60505.27,136442.64,196947.91,8405477.43
130,8405477.43,59538.8,137409.11,196947.91,8268068.32
131,8268068.32,58565.48,138382.43,196947.91,8129685.89
132,8129685.89,57585.28,139362.64,196947.91,7990323.26
133,7990323.26,56598.12,140349.79,196947.91,7849973.47
134,7849973.47,55603.98,141343.93,196947.91,7708629.54
135,7708629.54,54602.79,142345.12,196947.91,7566284.42
136,7566284.42,53594.51,143353.4,196947.91,7422931.02
137,7422931.02,52579.09,144368.82,196947.91,7278562.2
138,7278562.2,51556.48,145391.43,196947.91,7133170.77
139,7133170.77,50526.63,146421.29,196947.91,6986749.49
140,6986749.49,49489.48,147458.44,196947.91,6839291.05
141,6839291.05,48444.98,148502.93,196947.91,6690788.12
142,6690788.12,47393.08,149554.83,196947.91,6541233.29
143,6541233.29,46333.74,150614.18,196947.91,6390619.11
144,6390619.11,45266.89,151681.03,196947.91,6238938.09
145,6238938.09,44192.48,152755.43,196947.91,6086182.65
146,6086182.65,43110.46,153837.45,196947.91,5932345.2
147,5932345.2,42020.78,154927.13,196947.91,5777418.07
148,5777418.07,40923.38,156024.53,196947.91,5621393.54
149,5621393.54,39818.2,157129.71,196947.91,5464263.83
150,5464263.83,38705.2,158242.71,196947.91,5306021.12
151,5306021.12,37584.32,159363.6,196947.91,5146657.52
152,5146657.52,36455.49,160492.42,196947.91,4986165.1
153,4986165.1,35318.67,161629.24,196947.91,4824535.86
154,4824535.86,34173.8,162774.12,196947.91,4661761.75
155,4661761.75,33020.81,163927.1,196947.91,4497834.65
156,4497834.65,31859.66,165088.25,196947.91,4332746.4
157,4332746.4,30690.29,166257.62,196947.91,4166488.77
158,4166488.77,29512.63,167435.28,196947.91,3999053.49
159,3999053.49,28326.63,168621.28,196947.91,3830432.21
160,3830432.21,27132.23,169815.68,196947.91,3660616.52
161,3660616.52,25929.37,171018.54,196947.91,3489597.98
162,3489597.98,24717.99,172229.93,196947.91,3317368.05
163,3317368.05,23498.02,173449.89,196947.91,3143918.17
164,3143918.17,22269.42,174678.49,196947.91,2969239.67
165,2969239.67,21032.11,175915.8,196947.91,2793323.88
166,2793323.88,19786.04,177161.87,196947.91,2616162.01
167,2616162.01,18531.15,178416.76,196947.91,2437745.25
168,2437745.25,17267.36,179680.55,196947.91,2258064.7
169,2258064.7,15994.62,180953.29,196947.91,2077111.41
170,2077111.41,14712.87,182235.04,196947.91,1894876.37
171,1894876.37,13422.04,183525.87,196947.91,1711350.5
172,1711350.5,12122.07,184825.85,196947.91,1526524.65
173,1526524.65,10812.88,186135.03,196947.91,1340389.63
174,1340389.63,9494.43,187453.49,196947.91,1152936.14
175,1152936.14,8166.63,188781.28,196947.91,964154.86
176,964154.86,6829.43,190118.48,196947.91,774036.38
177,774036.38,5482.76,191465.15,196947.91,582571.22
178,582571.22,4126.55,192821.37,196947.91,389749.86
179,389749.86,2760.73,194187.18,196947.91,195562.68
180,195562.68,1385.24,195562.68,196947.91,0.0
